Entry	Entry Name	Organism	Protein names	Gene Names	Length	Subcellular location [CC]	Sequence
J8H9C1	GAJA_BACC6	Bacillus cereus (strain VD045)	Endonuclease GajA (EC 3.1.-.-) (Gabija protein GajA) (Nicking endonuclease GajA)	gajA IIE_04982	578		MKFSNITIKNFRNFEKVNINLDNKNVIFGMNDIGKTNFLYALRFLLDKEIRKFGFNKSDYHKHDTSKKIEIILTLDLSNYEKDEDTKKLISVVKGARTSANADVFYIALESKYDDKELYGNIILKWGSELDNLIDIPGRGNINALDNVFKVIYINPLVDLDKLFAQNKKYIFEESQGNESDEGILNNIKSLTDQVNQQIGEMTIIKGFQQEITSEYRSLKKEEVSIELKSEMAIKGFFSDIIPYIKKDGDSNYYPTSGDGRRKMLSYSIYNYLAKKKYEDKIVIYLIEEPEISLHRSMQIALSKQLFEQSTYKYFFLSTHSPELLYEMDNTRLIRVHSTEKVVCSSHMYNVEEAYGSVKKKLNKALSSALFAERVLLIEGPSEKILFEKVLDEVEPEYELNGGFLLEVGGTYFNHYVCTLNDLGITHIIKTDNDLKSKKGKKGVYELLGLNRCLNLLGRENLDEITIDIPEDIKGKKKKERLNERKKEIFKQYKNEVGEFLGERIYLSEIDLENDLYSAIGESMKRIFENEDPVHYLQKSKLFNMVELVNNLSTKDCFDVFEHEKFACLKELVGSDRG
O34525	SPPA_BACSU	Bacillus subtilis (strain 168)	Putative signal peptide peptidase SppA (EC 3.4.21.-)	sppA yteI BSU29530	335	SUBCELLULAR LOCATION: Cell membrane {ECO:0000269|PubMed:23651456, ECO:0000305}; Single-pass membrane protein {ECO:0000305}. Membrane raft {ECO:0000269|PubMed:23651456}; Single-pass membrane protein. Note=Present in detergent-resistant membrane (DRM) fractions that may be equivalent to eukaryotic membrane rafts; these rafts include proteins involved in signaling, molecule trafficking and protein secretion. {ECO:0000269|PubMed:23651456}.	MNAKRWIALVIALGIFGVSIIVSISMSFFESVKGAQTDLTSLTDESQEKTLENGSPSSKIAVLEVSGTIQDNGDSSSLLGADGYNHRTFLKNLERAKDDKTVKGIVLKVNSPGGGVYESAEIHKKLEEIKKETKKPIYVSMGSMAASGGYYISTAADKIFATPETLTGSLGVIMESVNYSKLADKLGISFETIKSGAHKDIMSPSREMTKEEKNIMQSMVDNSYEGFVDVISKGRGMPKAEVKKIADGRVYDGRQAKKLNLVDELGFYDDTITAMKKDHKDLKNASVISYEESFGLGSLFSMGANKMFKSEIDFLNMREILSQSGSPRMMYLYAK
O34680	YDIP_BACSU	Bacillus subtilis (strain 168)	Type II methyltransferase M2.BsuMI (M2.BsuMI) (EC 2.1.1.37) (BsuMI modification methylase subunit YdiP) (Cytosine-specific methyltransferase M2.BsuMI)	ydiP BSU06070	389		MKVVSLFSGIGGIELGLHQSGHTTEIFCEVDPLAKAVLSKNFPGVKIEDDINEIRELPSCDLVAAGFPCQDLSQAGGKEGIDGSRSGLVKKLFELIEKKEHANRPPWILIENVPYMLRLNRGKAMSYLTSVLSELGYTWAYRTVDARCFGLPQRRHRVILLASLFEDPKDVIFSQDHSEPDLDGKPSVVDHSNYYGFYWTEGLRGVGWAREAVPPIKCGSSVGIASPPAVWSPYEDIVGTINIRDAERLQGFPEDWTNITTETGKDIKEGARWRLVGNAVSVRVSKWIGENLSQPKGSISDFEGELVTKTWPSAAWGYGDKKYKVPVSKWVANTEQIAISEFLNHPLKPLSARALNGFLGRAARCTNVNYSDEFINSLERCKDRQLQKV
P08821	DBH1_BACSU	Bacillus subtilis (strain 168)	DNA-binding protein HU 1 (DNA-binding protein II) (HB) (HBsu) (HPB9)	hbs dbpA hbsU hubgl hupA BSU22790	92	SUBCELLULAR LOCATION: Cytoplasm, nucleoid {ECO:0000269|PubMed:21085634, ECO:0000269|PubMed:8439548}. Note=Evenly distributed along the nucleoid (PubMed:21085634). {ECO:0000269|PubMed:21085634}.	MNKTELINAVAEASELSKKDATKAVDSVFDTILDALKNGDKIQLIGFGNFEVRERSARKGRNPQTGEEIEIPASKVPAFKPGKALKDAVAGK
P0AD49	YFIA_ECOLI	Escherichia coli (strain K12)	Ribosome-associated inhibitor A (Protein Y) (pY) (Ribosome associated factor Y) (Spot Y)	raiA yfiA b2597 JW2578	113		MTMNITSKQMEITPAIRQHVADRLAKLEKWQTHLINPHIILSKEPQGFVADATINTPNGVLVASGKHEDMYTAINELINKLERQLNKLQHKGEARRAATSVKDANFVEEVEEE
P26825	CAT1_CLOPF	Clostridium perfringens	Chloramphenicol acetyltransferase (CAT) (EC 2.3.1.28)	catQ	219		MKFNLIDIEDWNRKPYFEHYLNAVRCTYSMTANIEITGLLREIKLKGLKLYPTLIYIITTVVNRHKEFRTCFDQKGKLGYWDSMNPSYTVFHKDNETFSSIWTEYDENFPRFYYNYLEDIRNYSDVLNFMPKTGEPANTINVSSIPWVNFTGFNLNIYNDATYLIPIFTLGKYFQQDNKILLPMSVQVHHAVCDGYHISRFFNEAQELASNYETWLGEK
Q0P9D1	PGLD_CAMJE	Campylobacter jejuni subsp. jejuni serotype O:2 (strain ATCC 700819 / NCTC 11168)	UDP-N-acetylbacillosamine N-acetyltransferase (EC 2.3.1.203) (Protein glycosylation D) (UDP-4-amino-4,6-dideoxy-N-acetyl-alpha-D-glucosamine N-acetyltransferase)	pglD Cj1123c	195		MARTEKIYIYGASGHGLVCEDVAKNMGYKECIFLDDFKGMKFESTLPKYDFFIAIGNNEIRKKIYQKISENGFKIVNLIHKSALISPSAIVEENAGILIMPYVVINAKAKIEKGVILNTSSVIEHECVIGEFSHVSVGAKCAGNVKIGKNCFLGINSCVLPNLSLADDSILGGGATLVKNQDEKGVFVGVPAKRM
Q56S04	AROE_HELPX	Helicobacter pylori (Campylobacter pylori)	Shikimate dehydrogenase (NADP(+)) (SDH) (EC 1.1.1.25)	aroE	263		MKLKSFGVFGNPIKHSKSPLIHNACFLTFQKELGFLGHYHPILLPLESHIKSEFLHLGLSGANVTLPFKERAFQICDKIKGIALECGAVNTLVVENDELVGYNTDALGFWLSLGGEGYQSALILGSGGSAKALACELQKQGLKVSVLNRSARGLDFFQRLGCDCFMDPPKSTFDLIINATSASLNNELPLNKEVLKGYFKEGKLAYDLAYGFLTPFLSLAKELETPFQDGKDMLIYQAALSFEKFSASQIPYPKAFEVMRSVF
Q80J95	POLG_MNV1	Norovirus (isolate Mouse/NoV/United States/MNV1/2002/GV) (MNV-1) (Murine Norovirus 1)	Genome polyprotein [Cleaved into: NS1-2 (NS1.2) (NS1/2) (Protein p37); NS1; NS2; NTPase (EC 3.6.1.15) (NS3) (p41); NS4 (Protein p20); Viral genome-linked protein (VPg) (NS5); 3C-like protease (3CLpro) (EC 3.4.22.66) (Calicivirin) (NS6); RNA-directed RNA polymerase (RdRp) (EC 2.7.7.48) (NS7)]	ORF1	1687	SUBCELLULAR LOCATION: [NS1-2]: Host endoplasmic reticulum membrane {ECO:0000269|PubMed:20674956}.; SUBCELLULAR LOCATION: [NS1]: Secreted {ECO:0000269|PubMed:31130511, ECO:0000269|PubMed:31329638}. Note=Secreted through an unconventional CASP3-mediated mechanism. {ECO:0000269|PubMed:31130511}.; SUBCELLULAR LOCATION: [NTPase]: Host endoplasmic reticulum membrane {ECO:0000250|UniProtKB:P54634}.; SUBCELLULAR LOCATION: [NS4]: Host endoplasmic reticulum membrane {ECO:0000269|PubMed:19587041}. Host endosome membrane {ECO:0000269|PubMed:20674956}.; SUBCELLULAR LOCATION: [3C-like protease]: Host mitochondrion {ECO:0000269|PubMed:20674956}.; SUBCELLULAR LOCATION: [RNA-directed RNA polymerase]: Host cytoplasm, host perinuclear region {ECO:0000269|PubMed:19587041}.	MRMATPSSAPSVRNTEKRKNKKASSKASVSFGAPSPLSSESEDEINYMTPPEQEAQPGALAALHAEGPLAGLPVTRSDARVLIFNEWEERKKSDPWLRLDMSDKAIFRRYPHLRPKEDRPDAPSHAEDAMDAKEPVIGSILEQDDHKFYHYSVYIGGGLVMGVNNPSAAVCQATIDVEKLHLWWRPVWEPRHPLDSAELRKCVGMTVPYVATTVNCYQVCCWIVGIKDTWLKRAKISRDLPFYSPVQDWNVDPQEPFIPSKLRMVSDGILVALSAVIGRPIKNLLASVKPLNILNIVLSCDWTFSGIVNALILLAELFDIFWTPPDVTNWMISIFGEWQAEGPFDLALDVVPTLLGGIGMAFGLTSETIGRKLASTNSALKAAQEMGKFAIEVFKQIMAWIWPSEDPVPALLSNMEQAIIKNECQLENQLTAMLRDRNAGAEFLRSLDEEEQEVRKIAAKCGNSATTGTTNALLARISMARAAFEKARAEQTSRVRPVVIMVSGRPGIGKTCFCQNLAKRIAASLGDETSVGIIPRADVDHWDAYKGARVVLWDDFGMDNVVKDALRLQMLADTCPVTLNCDRIENKGKMFDSQVIIITTNQQTPVPLDYVNLEAVCRRIDFLVYAESPVVDDARARAPGDVNAVKAAMRPDYSHINFILAPQGGFDRQGNTPYGKGVTKIIGATALCARAVALVHERHDDFGLQNKVYDFDAGKITAFKAMAADAGIPWYKMAAIGCKAMGCTCVEEAMHLLKDYEVAPCQVIYNGATYNVSCIKGAPMVEKVKEPELPKTLVNCVRRIKEARLRCYCRMAADVITSILQAAGTAFSIYHQIEKRSRPSFYWDRGYTYRDGPGSFDIFEDDDDGWYHSEGKKGKNKKGRGRPGVFRTRGLTDEEYDEFKKRRESRGGKYSIDDYLADREREEELLERDEEEAIFGDGFGLKATRRSRKAERAKLGLVSGGDIRARKPIDWNVVGPSWADDDRQVDYGEKINFEAPVSIWSRVVQFGTGWGFWVSGHVFITAKHVAPPKGTEIFGRKPGDFTVTSSGDFLKYYFTSAVRPDIPAMVLENGCQEGVVASVLVKRASGEMLALAVRMGSQAAIKIGSAVVHGQTGMLLTGSNAKAQDLGTIPGDCGCPYVYKKGNTWVVIGVHVAATRSGNTVIAATHGEPTLEALEFQGPPMLPRPSGTYAGLPIADYGDAPPLSTKTMFWRTSPEKLPPGAWEPAYLGSKDERVDGPSLQQVMRDQLKPYSEPRGLLPPQEILDAVCDAIENRLENTLEPQKPWTFKKACESLDKNTSSGYPYHKQKSKDWTGSAFIGDLGDQATHANNMYEMGKSMRPIYTAALKDELVKPDKIYGKIKKRLLWGSDLGTMIRAARAFGPFCDALKETCIFNPIRVGMSMNEDGPFIFARHANFRYHMDADYTRWDSTQQRAILKRAGDIMVRLSPEPDLARVVMDDLLAPSLLDVGDYKIVVEEGLPSGCPCTTQLNSLAHWILTLCAMVEVTRVDPDIVMQESEFSFYGDDEVVSTNLELDMVKYTMALRRYGLLPTRADKEEGPLERRQTLQGISFLRRAIVGDQFGWYGRLDRASIDRQLLWTKGPNHQNPFETLPGHAQRPSQLMALLGEAAMHGEKYYRTVASRVSKEAAQSGIEMVVPRHRSVLRWVRFGTMDAETPQERSAVFVNEDE
Q83883	POLG_NVN68	Norovirus (strain Human/NoV/United States/Norwalk/1968/GI) (Hu/NV/NV/1968/US)	Genome polyprotein [Cleaved into: NS1-2 (NS1.2) (NS1/2) (Protein p48); NS1; NS2; NTPase (EC 3.6.1.15) (NS3) (p40); NS4 (Protein p22); Viral genome-linked protein (VPg) (NS5); 3C-like protease (3CLpro) (EC 3.4.22.66) (Calicivirin) (NS6); RNA-directed RNA polymerase (RdRp) (EC 2.7.7.48) (NS7)]	ORF1	1789	SUBCELLULAR LOCATION: [NS1-2]: Host Golgi apparatus membrane {ECO:0000305|PubMed:15078964}.; SUBCELLULAR LOCATION: [NS1]: Secreted {ECO:0000250|UniProtKB:P63073}. Note=Secreted through an unconventional CASP3-mediated mechanism. {ECO:0000250|UniProtKB:P63073}.; SUBCELLULAR LOCATION: [NTPase]: Host endoplasmic reticulum membrane {ECO:0000250|UniProtKB:P54634}.; SUBCELLULAR LOCATION: [NS4]: Host endoplasmic reticulum membrane {ECO:0000250|UniProtKB:P54634}. Host Golgi apparatus membrane {ECO:0000269|PubMed:20976190}.; SUBCELLULAR LOCATION: [RNA-directed RNA polymerase]: Host cytoplasm, host perinuclear region {ECO:0000250|UniProtKB:Q80J95}.	MMMASKDVVPTAASSENANNNSSIKSRLLARLKGSGGATSPPNSIKITNQDMALGLIGQVPAPKATSVDVPKQQRDRPPRTVAEVQQNLRWTERPQDQNVKTWDELDHTTKQQILDEHAEWFDAGGLGPSTLPTSHERYTHENDEGHQVKWSAREGVDLGISGLTTVSGPEWNMCPLPPVDQRSTTPATEPTIGDMIEFYEGHIYHYAIYIGQGKTVGVHSPQAAFSITRITIQPISAWWRVCYVPQPKQRLTYDQLKELENEPWPYAAVTNNCFEFCCQVMCLEDTWLQRKLISSGRFYHPTQDWSRDTPEFQQDSKLEMVRDAVLAAINGLVSRPFKDLLGKLKPLNVLNLLSNCDWTFMGVVEMVVLLLELFGIFWNPPDVSNFIASLLPDFHLQGPEDLARDLVPIVLGGIGLAIGFTRDKVSKMMKNAVDGLRAATQLGQYGLEIFSLLKKYFFGGDQTEKTLKDIESAVIDMEVLSSTSVTQLVRDKQSARAYMAILDNEEEKARKLSVRNADPHVVSSTNALISRISMARAALAKAQAEMTSRMRPVVIMMCGPPGIGKTKAAEHLAKRLANEIRPGGKVGLVPREAVDHWDGYHGEEVMLWDDYGMTKIQEDCNKLQAIADSAPLTLNCDRIENKGMQFVSDAIVITTNAPGPAPVDFVNLGPVCRRVDFLVYCTAPEVEHTRKVSPGDTTALKDCFKPDFSHLKMELAPQGGFDNQGNTPFGKGVMKPTTINRLLIQAVALTMERQDEFQLQGPTYDFDTDRVAAFTRMARANGLGLISMASLGKKLRSVTTIEGLKNALSGYKISKCSIQWQSRVYIIESDGASVQIKEDKQALTPLQQTINTASLAITRLKAARAVAYASCFQSAITTILQMAGSALVINRAVKRMFGTRTAAMALEGPGKEHNCRVHKAKEAGKGPIGHDDMVERFGLCETEEEESEDQIQMVPSDAVPEGKNKGKTKKGRGRKNNYNAFSRRGLSDEEYEEYKKIREEKNGNYSIQEYLEDRQRYEEELAEVQAGGDGGIGETEMEIRHRVFYKSKSKKHQQEQRRQLGLVTGSDIRKRKPIDWTPPKNEWADDDREVDYNEKINFEAPPTLWSRVTKFGSGWGFWVSPTVFITTTHVVPTGVKEFFGEPLSSIAIHQAGEFTQFRFSKKMRPDLTGMVLEEGCPEGTVCSVLIKRDSGELLPLAVRMGAIASMRIQGRLVHGQSGMLLTGANAKGMDLGTIPGDCGAPYVHKRGNDWVVCGVHAAATKSGNTVVCAVQAGEGETALEGGDKGHYAGHEIVRYGSGPALSTKTKFWRSSPEPLPPGVYEPAYLGGKDPRVQNGPSLQQVLRDQLKPFADPRGRMPEPGLLEAAVETVTSMLEQTMDTPSPWSYADACQSLDKTTSSGYPHHKRKNDDWNGTTFVGELGEQAAHANNMYENAKHMKPIYTAALKDELVKPEKIYQKVKKRLLWGADLGTVVRAARAFGPFCDAIKSHVIKLPIKVGMNTIEDGPLIYAEHAKYKNHFDADYTAWDSTQNRQIMTESFSIMSRLTASPELAEVVAQDLLAPSEMDVGDYVIRVKEGLPSGFPCTSQVNSINHWIITLCALSEATGLSPDVVQSMSYFSFYGDDEIVSTDIDFDPARLTQILKEYGLKPTRPDKTEGPIQVRKNVDGLVFLRRTISRDAAGFQGRLDRASIERQIFWTRGPNHSDPSETLVPHTQRKIQLISLLGEASLHGEKFYRKISSKVIHEIKTGGLEMYVPGWQAMFRWMRFHDLGLWTGDRDLLPEFVNDDGV
Q83884	CAPSD_NVN68	Norovirus (strain Human/NoV/United States/Norwalk/1968/GI) (Hu/NV/NV/1968/US)	Capsid protein VP1 (CP) (Coat protein) (p59) [Cleaved into: Soluble capsid protein (Protein 30k) (p30)]	ORF2	530	SUBCELLULAR LOCATION: [Capsid protein VP1]: Virion. Host cytoplasm.	MMMASKDATSSVDGASGAGQLVPEVNASDPLAMDPVAGSSTAVATAGQVNPIDPWIINNFVQAPQGEFTISPNNTPGDVLFDLSLGPHLNPFLLHLSQMYNGWVGNMRVRIMLAGNAFTAGKIIVSCIPPGFGSHNLTIAQATLFPHVIADVRTLDPIEVPLEDVRNVLFHNNDRNQQTMRLVCMLYTPLRTGGGTGDSFVVAGRVMTCPSPDFNFLFLVPPTVEQKTRPFTLPNLPLSSLSNSRAPLPISSMGISPDNVQSVQFQNGRCTLDGRLVGTTPVSLSHVAKIRGTSNGTVINLTELDGTPFHPFEGPAPIGFPDLGGCDWHINMTQFGHSSQTQYDVDTTPDTFVPHLGSIQANGIGSGNYVGVLSWISPPSHPSGSQVDLWKIPNYGSSITEATHLAPSVYPPGFGEVLVFFMSKMPGPGAYNLPCLLPQEYISHLASEQAPTVGEAALLHYVDPDTGRNLGEFKAYPDGFLTCVPNGASSGPQQLPINGVFVFVSWVSRFYQLKPVGTASSARGRLGLRR
Q83TK1	KPRS_LISWE	Listeria welshimeri	Ribose-phosphate pyrophosphokinase (RPPK) (EC 2.7.6.1) (5-phospho-D-ribosyl alpha-1-diphosphate synthase) (Phosphoribosyl diphosphate synthase) (Phosphoribosyl pyrophosphate synthase) (P-Rib-PP synthase) (PRPP synthase) (PRPPase)	prs	318	SUBCELLULAR LOCATION: Cytoplasm {ECO:0000255|HAMAP-Rule:MF_00583}.	MSNEYFDPKLKIFSLNSNRELAEEIAKEVGIELGKSSVTHFSDGEIQINIEESIRGCHVYVIQSTSNPVNQNLMELLIMIDALKRASAATINIVMPYYGYARQDRKARSREPITAKLVANLIETAGATRMITLDMHAPQIQGFFDIPIDHLNAVRLLSNYFSERHLGDDLVVVSPDHGGVTRARKMADRLKAPIAIIDKRRPRPNVAEVMNIVGNVEGKVCIIIDDIIDTAGTITLAAKALREAGATKVYACCSHPVLSGPAMKRIEDSPIEKLIVTNSIALPEEKWIDKMEQLSVAPLLGEAIVRVHENASVSSLFE
Q8Y9T5	LNTA_LISMO	Listeria monocytogenes serovar 1/2a (strain ATCC BAA-679 / EGD-e)	Listeria nuclear targeted protein A	lntA lmo0438	205	SUBCELLULAR LOCATION: Secreted {ECO:0000269|PubMed:21252314}. Host nucleus {ECO:0000269|PubMed:21252314}.	MKKLVAWFNGLSKMWKVVVIIGAVFVVIIALTTGEDEGEQTKTKKDSNKVVKTASRPKLSTKDLALIKADLAEFEARELSSEKILKDTIKEESWSDLDFANDNINQMIGTMKRYQQEILSIDAIKRSSEASADTEAFKKIFKEWSEFKIERIQVTIDLLNGKKDSEAVFKKTYPNQIIFKKVRTNKLQTALNNLKVGYELLDSQK
Q8ZPA3	DALS_SALTY	Salmonella typhimurium (strain LT2 / SGSC1412 / ATCC 700720)	ABC transporter D-alanine-binding periplasmic protein (D-alanine transporter in Salmonella)	dalS STM1633	253	SUBCELLULAR LOCATION: Periplasm {ECO:0000269|PubMed:22418438}.	MLSKKFGLSMIVLGIMSSSAFADSIVEGRTLNVAVSPASPPMLFKSADGKLQGIDLELFSSYCQSRHCKLNITEYAWDGMLGAVASGQADVAFSGISITDKRKKVIDFSEPYYINSFYLVSMANHKITLNNLNELNKYSIGYPRGMAYSDLIKNDLEPKGYYSLSKVKLYPTYNETMADLKNGNLDLAFIEEPVYFTFKNKKKMPIESRYVFKNVDQLGIAFKKGSPVRDDFNLWLKEQGPQKISGIVDSWMK
Q95US5	BRE5_CAEEL	Caenorhabditis elegans	Beta-1,3-galactosyltransferase bre-5 (EC 2.4.1.-) (Bacillus thuringiensis toxin-resistant protein 5) (Bt toxin-resistant protein 5)	bre-5 T12G3.8	322	SUBCELLULAR LOCATION: Golgi apparatus membrane {ECO:0000255, ECO:0000305}; Single-pass type II membrane protein {ECO:0000255, ECO:0000305}.	MFLCVRILKRKYHELSSFQKLLIFTITIFLLWVLGVVDKFRETSFGDFSWPLETRNLQLRSKFTKYPQCKFSGNGQKIIIIIIKSSAKNGPMRESVRKTWGVFRMIDGVEVMPIFIVGRVENMEIMRRIDVESEKYKDILAISDIDSYRNNTLKLFGAIDYAANPNQCSSPDFTFLVDDDYLVHIPNLVKFAKTKQKEELVYEGFVFDTSPFRLKIHKHSISLNEYPFSRYPPYVSAGAVFLTSETIARFRNSIRKLKMFPFDDVFTGILAKTVNVAATHNENFIFWCRRVSQKEWDDGVIAVHGYARKDLEYEYSQLNGFE
